grades,mean_inc,mean_read,mean_math
KK-08,22.690000534057617,691.5999755859375,690
