grades,mean_inc,mean_read,mean_math
KK-08,9.20524287223816,646.3499959309896,644.0166727701823
