grades,mean_inc,mean_read,mean_math
KK-08,13.243000030517578,663.4000244140625,650.20001220703125
