grades,mean_inc,mean_read,mean_math
KK-08,25.26567350115095,675.1428658621652,672.0142909458706
