grades,mean_inc,mean_read,mean_math
KK-08,15.964900016784668,668.17999267578125,661.75
