grades,mean_inc,mean_read,mean_math
KK-08,9.269000132878622,635.6666717529297,636.8083292643229
