grades,mean_inc,mean_read,mean_math
KK-08,10.638999938964844,664.5666707356771,657.3666788736979
