grades,mean_inc,mean_read,mean_math
KK-06,14.669666290283205,662.3333333333334,658.6666666666666
KK-08,12.49564266204834,664.6499982561384,650.3142830984933
