grades,mean_inc,mean_read,mean_math
KK-08,9.677166620890299,637.183339436849,644.183339436849
