grades,mean_inc,mean_read,mean_math
KK-08,13.522333145141602,662.79998779296875,656
