grades,mean_inc,mean_read,mean_math
KK-08,11.217030454564977,637.5777791341146,641.0037027994791
