grades,mean_inc,mean_read,mean_math
KK-08,10.820074293348524,648.3888956705729,647.1888902452257
