grades,mean_inc,mean_read,mean_math
KK-08,10.796500205993652,642.8500061035156,640.1000061035156
