grades,mean_inc,mean_read,mean_math
KK-08,12.819000244140625,663.5800048828125,658.44000244140625
