grades,mean_inc,mean_read,mean_math
KK-06,21.409852345784504,666.5000203450521,669.23333740234375
KK-08,13.798407932122549,642.3500061035156,643.1416702270508
