grades,mean_inc,mean_read,mean_math
KK-08,12.64251651763916,653.3199951171875,653.6599853515625
