grades,mean_inc,mean_read,mean_math
KK-08,32.185312032699585,684.8499984741211,676.20001220703125
