grades,mean_inc,mean_read,mean_math
KK-08,10.03499984741211,642.70001220703125,635.9000244140625
