grades,mean_inc,mean_read,mean_math
KK-08,10.018220814791592,635.2272727272727,637.2727328213779
