grades,mean_inc,mean_read,mean_math
KK-06,10.694149255752563,626.70001220703125,628.3500061035156
KK-08,14.110000228881836,643.839990234375,638.4800048828125
