grades,mean_inc,mean_read,mean_math
KK-08,15.325333595275879,669.3999972873264,662.9222208658854
