grades,mean_inc,mean_read,mean_math
KK-06,15.29584903717041,646.939990234375,652.9800048828125
KK-08,19.214842160542805,657.3499959309896,658.5499979654948
