grades,mean_inc,mean_read,mean_math
KK-08,16.77741388841109,668.8636252663352,663
