grades,mean_inc,mean_read,mean_math
KK-06,11.056250095367432,629.3999938964844,636.04998779296875
KK-08,14.66599988937378,648.1499938964844,648.4499816894531
