grades,mean_inc,mean_read,mean_math
KK-06,10.931743860244751,631.4250030517578,629.8249969482422
KK-08,13.3953332901001,647.20001220703125,644.73333740234375
