grades,mean_inc,mean_read,mean_math
KK-08,13.630000114440918,649.0666707356771,650.9666544596354
