grades,mean_inc,mean_read,mean_math
KK-06,10.970999717712402,661.29998779296875,656.29998779296875
KK-08,22.757999420166016,674.5999755859375,670.0999755859375
