grades,mean_inc,mean_read,mean_math
KK-08,13.397000074386597,643.1333312988281,644.1499938964844
