grades,mean_inc,mean_read,mean_math
KK-06,20.55902361869812,664.8624954223633,666.7999954223633
KK-08,15.533691846407377,656.1307748647837,658.0615422175481
