grades,mean_inc,mean_read,mean_math
KK-08,27.46105182872099,669.4764799230239,668.5058809168198
