grades,mean_inc,mean_read,mean_math
KK-06,12.549882888793944,645.0999755859375,652.79998779296875
KK-08,13.488580491807726,648.5777926974827,648.9666612413195
