grades,mean_inc,mean_read,mean_math
KK-06,21.51736068725586,683.3400024414062,677.8599975585937
KK-08,17.601916313171387,661.5,657.6999816894531
