grades,mean_inc,mean_read,mean_math
KK-06,30.047560119628905,684.3199951171875,684.3599975585937
KK-08,16.723739306132,651.76666259765625,651.7166748046875
