grades,mean_inc,mean_read,mean_math
KK-06,36.17399978637695,676.79998779296875,682.20001220703125
KK-08,23.38759954352128,664.7526341488486,664.2631578947369
