grades,mean_inc,mean_read,mean_math
KK-08,12.14285711141733,660.1076894906851,657.561537522536
