grades,mean_inc,mean_read,mean_math
KK-06,11.241166591644287,663.6500244140625,658.25
KK-08,11.191857065473284,650.5142822265625,644.9714268275669
