grades,mean_inc,mean_read,mean_math
KK-06,17.349441628707083,666.3052625154194,661.8736829255756
KK-08,17.62739963531494,670.1100036621094,660.7
