grades,mean_inc,mean_read,mean_math
KK-08,13.498086656842913,657.0142822265625,652.9714268275669
