grades,mean_inc,mean_read,mean_math
KK-08,11.984000047047932,654.499989827474,645.3833211263021
