grades,mean_inc,mean_read,mean_math
KK-08,10.507124662399292,653.1624984741211,653.3624801635742
