grades,mean_inc,mean_read,mean_math
KK-08,13.10349988937378,676.4499816894531,676.6499938964844
