grades,mean_inc,mean_read,mean_math
KK-08,9.91816657781601,637.2458368937174,640.1375020345052
