grades,mean_inc,mean_read,mean_math
KK-08,12.016388893127441,658.3666585286459,652.9666544596354
