grades,mean_inc,mean_read,mean_math
KK-08,15.319696850246855,645.8888888888889,646.544447157118
