grades,mean_inc,mean_read,mean_math
KK-08,11.226999759674072,664.20001220703125,663.75
